{
  "GET Home Page-1" : {
    "transaction" : "GET Home Page-1",
    "sampleCount" : 30,
    "errorCount" : 0,
    "errorPct" : 0.0,
    "meanResTime" : 150.86666666666667,
    "medianResTime" : 138.5,
    "minResTime" : 70.0,
    "maxResTime" : 287.0,
    "pct1ResTime" : 237.70000000000002,
    "pct2ResTime" : 269.4,
    "pct3ResTime" : 287.0,
    "throughput" : 6.357279084551812,
    "receivedKBytesPerSec" : 147.91227948188174,
    "sentKBytesPerSec" : 0.7201605212968849
  },
  "GET API Offers" : {
    "transaction" : "GET API Offers",
    "sampleCount" : 25,
    "errorCount" : 25,
    "errorPct" : 100.0,
    "meanResTime" : 656.4000000000001,
    "medianResTime" : 672.0,
    "minResTime" : 523.0,
    "maxResTime" : 792.0,
    "pct1ResTime" : 759.4,
    "pct2ResTime" : 783.3,
    "pct3ResTime" : 792.0,
    "throughput" : 5.256518082422204,
    "receivedKBytesPerSec" : 89.80227278700589,
    "sentKBytesPerSec" : 1.2884629284062237
  },
  "GET Home Page-0" : {
    "transaction" : "GET Home Page-0",
    "sampleCount" : 30,
    "errorCount" : 0,
    "errorPct" : 0.0,
    "meanResTime" : 196.33333333333334,
    "medianResTime" : 185.0,
    "minResTime" : 71.0,
    "maxResTime" : 516.0,
    "pct1ResTime" : 358.3000000000001,
    "pct2ResTime" : 442.8499999999999,
    "pct3ResTime" : 516.0,
    "throughput" : 5.853658536585366,
    "receivedKBytesPerSec" : 9.220655487804878,
    "sentKBytesPerSec" : 0.6516768292682927
  },
  "GET Login Page" : {
    "transaction" : "GET Login Page",
    "sampleCount" : 4579,
    "errorCount" : 0,
    "errorPct" : 0.0,
    "meanResTime" : 260.612579165757,
    "medianResTime" : 252.0,
    "minResTime" : 158.0,
    "maxResTime" : 933.0,
    "pct1ResTime" : 296.0,
    "pct2ResTime" : 302.0,
    "pct3ResTime" : 335.39999999999964,
    "throughput" : 19.091974199358734,
    "receivedKBytesPerSec" : 30.987169061849823,
    "sentKBytesPerSec" : 2.1254736901629845
  },
  "GET API Offers-0" : {
    "transaction" : "GET API Offers-0",
    "sampleCount" : 25,
    "errorCount" : 0,
    "errorPct" : 0.0,
    "meanResTime" : 297.0,
    "medianResTime" : 295.0,
    "minResTime" : 207.0,
    "maxResTime" : 516.0,
    "pct1ResTime" : 350.4000000000001,
    "pct2ResTime" : 476.3999999999999,
    "pct3ResTime" : 516.0,
    "throughput" : 5.63063063063063,
    "receivedKBytesPerSec" : 9.490691863738737,
    "sentKBytesPerSec" : 0.6818341779279279
  },
  "Total" : {
    "transaction" : "Total",
    "sampleCount" : 4744,
    "errorCount" : 50,
    "errorPct" : 1.053963,
    "meanResTime" : 262.8585581787521,
    "medianResTime" : 254.0,
    "minResTime" : 70.0,
    "maxResTime" : 933.0,
    "pct1ResTime" : 297.0,
    "pct2ResTime" : 306.0,
    "pct3ResTime" : 415.2000000000007,
    "throughput" : 19.779935706870027,
    "receivedKBytesPerSec" : 40.76333987331085,
    "sentKBytesPerSec" : 2.232764088617781
  },
  "GET API Offers-1" : {
    "transaction" : "GET API Offers-1",
    "sampleCount" : 25,
    "errorCount" : 25,
    "errorPct" : 100.0,
    "meanResTime" : 359.16,
    "medianResTime" : 367.0,
    "minResTime" : 242.0,
    "maxResTime" : 465.0,
    "pct1ResTime" : 430.8,
    "pct2ResTime" : 456.0,
    "pct3ResTime" : 465.0,
    "throughput" : 5.894836123555765,
    "receivedKBytesPerSec" : 90.77126562131573,
    "sentKBytesPerSec" : 0.7310978395425608
  },
  "GET Home Page" : {
    "transaction" : "GET Home Page",
    "sampleCount" : 30,
    "errorCount" : 0,
    "errorPct" : 0.0,
    "meanResTime" : 347.5333333333333,
    "medianResTime" : 323.5,
    "minResTime" : 169.0,
    "maxResTime" : 687.0,
    "pct1ResTime" : 521.0,
    "pct2ResTime" : 642.4499999999999,
    "pct3ResTime" : 687.0,
    "throughput" : 5.731753916698509,
    "receivedKBytesPerSec" : 142.38706653611004,
    "sentKBytesPerSec" : 1.2874056648834544
  }
}